hour,T_out_C,T_air_C,T_mass_C,solar_gain_W,conduction_loss_W,ventilation_loss_W,net_heat_flow_W,storage_rate_W,comfort_status
0.0,-8.000000000000002,-2.0,-2.0,0.0,0.0,0.0,0.0,0.0,uncomfortable
0.5,-9.174735729980464,-2.1587038691420393,-2.037953350382515,156.38720151464088,335.02987400375144,89.31127917572881,-324.3411531794803,-167.9539516648402,uncomfortable
1.0,-10.329371405922686,-2.2558269547404817,-2.0885254784130165,170.23293981287736,386.4748281083054,102.77299144576901,-389.24781955407445,-219.01487974119854,uncomfortable
1.5,-11.444150891285808,-2.358265572941816,-2.150486456480932,183.60074520481203,435.58592128048275,115.6596857483917,-451.2456070288745,-267.64486182406426,uncomfortable
2.0,-12.500000000000004,-2.4684328007163625,-2.223016978563783,196.26189083393302,481.4573626492531,127.69783782000106,-509.15520046925417,-312.89330963532194,uncomfortable
2.5,-13.478852861078488,-2.584929820307385,-2.3051479153757524,207.9997409881932,523.2884972724846,138.67528273979985,-561.9637800122845,-353.96403902409224,uncomfortable
3.0,-14.36396103067893,-2.7060360697292927,-2.3957441474957113,218.61345779710638,560.3508017667898,148.4007215829045,-608.7515233496943,-390.13806555259066,uncomfortable
3.5,-15.140180062621116,-2.8299366187990542,-2.493522165228309,227.9214376233939,591.9976809501863,156.70447494247733,-648.7021558926637,-420.78071826926976,uncomfortable
4.0,-15.794228634059948,-2.9547645685070503,-2.597071972465923,235.76441835156834,617.675376732556,163.4412417688622,-681.1166185014181,-445.35220014985055,uncomfortable
4.5,-16.31491579260158,-3.078633686217574,-2.7048812549023222,242.0082044068855,636.9324320985841,168.4925767014259,-705.4250088000099,-463.4168043931262,uncomfortable
5.0,-16.693332436601615,-3.1996707628568837,-2.8153613040321,246.54596287883453,649.4274129161433,171.76891564210095,-721.1963285582443,-474.6503656794111,uncomfortable
5.5,-16.923003752364295,-3.3160477119143486,-2.9268742479514795,249.3000514618559,654.9347477209354,173.21110761251165,-728.1458553334471,-478.8458038715916,uncomfortable
6.0,-17.0,-3.426012893781867,-3.037761122732967,250.22334693671672,653.3485851155303,172.79142626731436,-726.1400113828447,-475.91666444612946,uncomfortable
6.5,-16.923003752364295,-3.516864406738373,-3.1376105046790475,287.58109572353385,645.129540799612,170.65479141407977,-712.5468017076503,-428.2032364901608,uncomfortable
7.0,-16.693332436601615,-3.592072753435877,-3.229060742500924,305.128541902909,630.203822160179,166.7737952628266,-689.094427319894,-391.8490755200994,uncomfortable
7.5,-16.31491579260158,-3.6489293251174817,-3.307859374155638,332.8623057768421,608.9361554600355,161.23294133648562,-657.0622428883041,-337.3067910196798,uncomfortable
8.0,-15.794228634059948,-3.687965054151836,-3.374127684342632,352.426309410419,581.6206349688508,154.10789286679832,-617.1732310301883,-283.3022184252321,uncomfortable
8.5,-15.140180062621116,-3.704639392841988,-3.4221806917154067,389.5557698904802,548.9299907122552,145.5698585100204,-570.5342569628384,-204.94407933179863,uncomfortable
9.0,-14.36396103067893,-3.7047478212962694,-3.4580177459289145,394.4713007384187,511.11196034582804,135.68752047015752,-517.6830992053475,-152.32818007756998,uncomfortable
9.5,-13.478852861078487,-3.6833010837423417,-3.4750227594360235,422.39394173031155,469.0828191776269,124.6934559047782,-459.960951238462,-71.38233335209597,uncomfortable
10.0,-12.5,-3.642930063208825,-3.4756296496589445,435.2947329453068,423.43950107379953,112.74695746737696,-398.29016627168744,-0.8917255958719486,uncomfortable
10.5,-11.444150891285808,-3.584336138818283,-3.459621817962907,445.51221318915873,374.9697145063263,100.05229787301062,-333.80212036942055,70.49020080982194,uncomfortable
11.0,-10.329371405922686,-3.517342907151945,-3.436952213560129,409.92928609906795,324.057989869369,86.71439797795203,-267.09729755578456,99.15689825174378,uncomfortable
11.5,-9.174735729980465,-3.4350146891581708,-3.3984851729684484,412.01346494128734,272.00485841808677,73.06435296125149,-199.88819088728468,166.94425356194827,uncomfortable
12.0,-8.0,-2.8608529679954118,-3.2636365500901814,791.5948753725615,229.00355713084883,65.41928605860562,270.1770835488764,597.1720321831059,uncomfortable
12.5,-6.825264270019535,-3.132516770918627,-3.201017590414904,373.735490064979,171.92718504463056,47.007198564554926,-73.7533631171319,254.80110645579146,uncomfortable
13.0,-5.670628594077314,-3.047118650084785,-3.1344305776718397,340.8466536675953,120.85525454939844,33.3962321830473,-10.57639644090925,286.5951669351478,uncomfortable
13.5,-4.5558491087141935,-2.9362997387485517,-3.0598605793019953,314.4861756916782,72.28071055995557,20.616215659914637,48.32296579004615,321.58924947180435,uncomfortable
14.0,-3.5000000000000018,-2.8218270724035484,-2.9795729404349087,281.4050603420305,26.727633177250603,8.632870099131814,102.53578899310665,346.0445570656476,uncomfortable
14.5,-2.5211471389215134,-2.707009632735062,-2.8952266034317247,245.89161992641496,-15.052694223333633,-2.365955201248947,151.2339732685257,363.310269350996,uncomfortable
15.0,-1.6360389693210715,-2.5955576949910943,-2.8101800277134052,201.4981871889924,-52.433418112044755,-12.214289570289123,193.7640892929719,366.14589487132577,uncomfortable
15.5,-0.8598199373788846,-2.485169349052137,-2.721222551529792,177.47334848611638,-84.56112309634372,-20.690047870835834,229.21676322661676,382.72451945329465,uncomfortable
16.0,-0.20577136594005196,-2.3795871508697086,-2.6323010441965673,143.70627837000717,-110.99261640194712,-27.67180541584056,257.2197186232486,382.3707001877911,uncomfortable
16.5,0.31491579260158,-2.279980937692894,-2.544253362294016,114.1306629730434,-131.2440435429559,-33.03199741795654,277.3828948691294,378.4067039339531,uncomfortable
17.0,0.6933324366016134,-2.1875540911289955,-2.4582541570009613,87.77615684783274,-144.95090930245001,-36.67253314339956,289.50663254896125,369.39959929368047,uncomfortable
17.5,0.9230037523642931,-2.1022048879945796,-2.3742295125101944,70.39734902245857,-151.80387809037165,-38.50969590831231,293.55110450472546,360.7109230211397,uncomfortable
18.0,1.0,-2.0236874602328947,-2.2926394965504437,59.957173447537464,-151.62952527023847,-38.49033189378066,290.11985716401915,350.07703061155615,uncomfortable
18.5,0.9230037523642931,-1.9551284961619495,-2.218845028050747,35.30081800044254,-144.58780352698696,-36.63747227083966,281.2252757978266,316.526093798268,uncomfortable
19.0,0.6933324366016151,-1.8958182646430404,-2.1484715242000587,38.054906583463946,-130.5850204442563,-32.958852766563965,263.54387321082027,301.59877979428273,uncomfortable
19.5,0.31491579260158,-1.8469857712166506,-2.083079211209872,42.59266505541298,-109.87561109024307,-27.52014214678055,237.39575323702363,279.9884182924354,uncomfortable
20.0,-0.20577136594005196,-1.8097961081356628,-2.024137144196228,48.83645111073019,-82.83015519443632,-20.41859335825325,203.24874855268956,252.08519966341873,uncomfortable
20.5,-0.8598199373788837,-1.7852174447351892,-1.9729992069244628,56.67943183890461,-49.92751510760488,-11.779940109642826,161.7074552172477,218.38688705615118,uncomfortable
21.0,-1.6360389693210688,-1.7739980643896527,-1.930881071806466,65.98741166519206,-11.746558301927477,-1.756164096585045,113.50272239851252,179.49013406370398,uncomfortable
21.5,-2.5211471389215117,-1.7766532533429527,-1.8988394662304793,76.6011284741053,31.043749225764696,9.477109365860827,59.479141408374474,136.08026988247698,uncomfortable
22.0,-3.4999999999999973,-1.7934565230685944,-1.8777541543363605,88.33897862836548,77.69578651662553,21.72361584394599,0.5805976394284791,88.91957626779185,uncomfortable
22.5,-4.555849108714195,-1.824434988500501,-1.8683129456472305,101.00012425748652,127.3960667926457,34.76980918467225,-62.165875977317945,38.83424828016739,uncomfortable
23.0,-5.670628594077314,-1.8693689625073724,-1.870999987252549,114.3679296494211,179.2791536055945,48.38851460603274,-127.66766821162724,-13.299738562206693,uncomfortable
23.5,-6.825264270019536,-1.9277957724915047,-1.8860875398880288,128.2136679476576,232.44246589676249,62.34281498613283,-194.7852808828953,-66.5716129352395,uncomfortable
24.0,-8.000000000000002,-1.999017733758701,-1.9136313786376662,142.30043473114927,285.96171864912264,76.39010385634526,-262.3518225054679,-120.05138777432047,uncomfortable
24.5,-9.174735729980464,-2.0821141432398256,-1.9534698969641815,156.38720151464088,338.9067349376097,90.28623575057362,-329.1929706881833,-172.8057691735442,uncomfortable
25.0,-10.329371405922686,-2.1759570883583166,-2.0052269294090084,170.23293981287736,390.35735882844887,103.78970289686741,-394.1470617253163,-223.9141219124421,uncomfortable
25.5,-11.444150891285808,-2.2792308005598465,-2.0683182446753507,183.60074520481203,439.41919685291373,116.66576678690522,-456.08496363981897,-272.4842184350079,uncomfortable
26.0,-12.500000000000004,-2.390454222370027,-2.1419615980064197,196.26189083393302,485.23891871404214,128.69047393091856,-513.9293926449607,-317.66750181103026,uncomfortable
26.5,-13.478852861078488,-2.5080064018615547,-2.2251901708702744,207.9997409881932,527.01885542649,139.65448708724787,-566.6733425137378,-358.67360152554494,uncomfortable
27.0,-14.36396103067893,-2.630154280034322,-2.316869168004819,218.61345779710638,564.0306451108227,149.36666641300562,-613.3973115238283,-394.7838537267247,uncomfortable
27.5,-15.140180062621116,-2.7550823956684414,-2.4157152878530335,227.9214376233939,595.627692958449,157.6573392612408,-653.2850322196898,-425.3635945962964,uncomfortable
28.0,-15.794228634059948,-2.8809239994015563,-2.520318733253904,235.76441835156834,621.2562321732739,164.3812026773475,-685.6374348506214,-449.87301649905413,uncomfortable
28.5,-16.31491579260158,-3.0057930446694128,-2.6291673857898763,242.0082044068855,640.4647966338357,169.41980893207736,-709.884605565913,-467.8764011590298,uncomfortable
29.0,-16.693332436601615,-3.1278165081451985,-2.7406727301707816,246.54596287883453,652.9119431955951,172.68359156287883,-725.595534758474,-479.04957187964175,uncomfortable
29.5,-16.923003752364295,-3.245166486675207,-2.8531970850904287,249.3000514618559,658.3720915021966,174.11339725731585,-732.4854887595125,-483.1854372976575,uncomfortable
30.0,-17.0,-3.356091521532452,-2.9650816746378257,250.22334693671672,656.7393813844701,173.68149736750053,-730.4208787519706,-480.1975318152559,uncomfortable
30.5,-16.923003752364295,-3.4476566116759386,-3.065657749874214,288.70016935381614,648.486234420129,171.53577896210652,-716.784482876194,-431.32184402842086,uncomfortable
31.0,-16.693332436601615,-3.523661159710782,-3.1579415420227064,305.74100838492177,633.5217059179581,167.64464748630957,-693.283163301156,-395.4253450193464,uncomfortable
31.5,-16.31491579260158,-3.5826803620319394,-3.2390768505892793,326.8933277187644,612.1462008395584,162.07626413697932,-661.1156110683207,-347.3291372577757,uncomfortable
32.0,-15.794228634059948,-3.6230964223876803,-3.30673141945311,350.44685453122554,584.7653619798855,154.93364460170332,-621.1437097761279,-289.2521520503657,uncomfortable
32.5,-15.140180062621116,-3.6439514095784964,-3.359311625205151,373.84680792667655,551.8659149305893,146.34239226177135,-574.2427149329235,-224.36149926568729,uncomfortable
33.0,-14.36396103067893,-3.642331642100659,-3.392975226209696,407.6085650288029,514.1442826190108,136.48205346484596,-521.5099544732187,-143.01777105505604,uncomfortable
33.5,-13.478852861078487,-3.6203997291065324,-3.4095545122851183,428.07769541319794,472.13604592669367,125.4941649887502,-463.8148870715007,-69.55251550224857,uncomfortable
34.0,-12.5,-3.5838107356554887,-3.4143671465314176,420.87352342575053,426.30015450770225,113.4995228593999,-401.9033850976131,-18.926153941352993,uncomfortable
34.5,-11.444150891285808,-3.5278643547006676,-3.401041491361435,437.45452056608514,377.7043073514727,100.77116109611421,-337.2555764376706,58.97905211849583,uncomfortable
35.0,-10.329371405922686,-3.4537165038989177,-3.3703057598911976,448.4255865256155,327.16055256001135,87.52433664080178,-271.00979890927664,133.7406973248021,uncomfortable
35.5,-9.174735729980465,-3.368536852578372,-3.3291458425745994,427.656646868699,275.23665048493467,73.9105892297777,-203.96621922265876,178.50940715398556,uncomfortable
36.0,-8.0,-2.7937294159554282,-3.1937656708951683,797.994093066804,232.26200059256593,66.27374202665379,266.06418411911113,599.4583504475831,uncomfortable
36.5,-6.825264270019535,-3.068405128829967,-3.1345125424229,363.2239153358189,175.03171766422514,47.823314123686735,-77.67401129585829,240.3688835479038,uncomfortable
37.0,-5.670628594077314,-2.9831022395310556,-3.0678392098587093,345.1305751793179,123.96135602173044,34.211135482832056,-14.497401213026002,286.9580836747535,uncomfortable
37.5,-4.5558491087141935,-2.873749654000432,-2.9948818065000515,311.39889322138765,75.31275093720707,21.4124532187243,44.494687853984985,314.67368906545266,uncomfortable
38.0,-3.5000000000000018,-2.75863996102575,-2.9137977633996925,288.68853200473234,29.795048119415192,9.437216752126634,98.66402739794725,349.4562671331876,uncomfortable
38.5,-2.5211471389215134,-2.644207770227641,-2.8299171859311127,247.7418197075173,-12.006142415063232,-1.5665126122744812,147.38797887128084,361.314474734854,uncomfortable
39.0,-1.6360389693210715,-2.5321024591061096,-2.7441248769032054,208.58342615497793,-49.3529581252822,-11.406529799567622,189.87586953548788,369.3429140798257,uncomfortable
39.5,-0.8598199373788846,-2.4225723057120727,-2.65615627249055,177.06676294322529,-81.52551353060846,-19.89321254793415,225.38431833797983,378.4854890217634,uncomfortable
40.0,-0.20577136594005196,-2.3183941598729163,-2.568730122136285,141.03691984205557,-108.02629487499343,-26.892843117647793,253.47443479810215,375.9560578346954,uncomfortable
40.5,0.31491579260158,-2.219706402962034,-2.48160706115139,113.8522641716277,-128.32125823530535,-32.264726700646584,273.69283884416893,374.4382491075781,uncomfortable
41.0,0.6933324366016134,-2.127924442336949,-2.396261353506457,88.62267095663009,-142.05883557501767,-35.91347156613633,285.8554972442656,366.5949780977835,uncomfortable
41.5,0.9230037523642931,-2.043270637493758,-2.3129633550231627,70.88813525069625,-148.9456547557004,-37.75948647313705,289.9426717348789,357.59327647953364,uncomfortable
42.0,1.0,-1.9655448809294382,-2.2322030481509136,59.957173447537464,-148.8099209454499,-37.75020011627938,286.56012106172926,346.5172945092666,uncomfortable
42.5,0.9230037523642931,-1.8977729014538116,-2.159226995960211,35.30081800044254,-141.80637654350562,-35.90735849244295,277.71373503594856,313.0145530363912,uncomfortable
43.0,0.6933324366016151,-1.8392393419015756,-2.089660822402433,38.054906583463946,-127.84125845706802,-32.23862571163422,260.0798841687022,298.13479075216554,uncomfortable
43.5,0.31491579260158,-1.7911730226427298,-2.0250649068864255,42.59266505541298,-107.16900431588249,-26.809668182533972,233.97867249841647,276.5713375538279,uncomfortable
44.0,-0.20577136594005196,-1.7547391595438098,-1.9669084527527732,48.83645111073019,-80.16020050291849,-19.7177404254584,199.8779409283769,248.71439203910458,uncomfortable
44.5,-0.8598199373788837,-1.730906061365407,-1.9165454898186762,56.67943183890461,-47.29371616792032,-11.088577923898848,158.38229409181915,215.06172593072264,uncomfortable
45.0,-1.6360389693210688,-1.7204221500176506,-1.8751918345606504,65.98741166519206,-9.148425503422864,-1.0741641369952077,110.22258964041806,176.21000130560867,uncomfortable
45.5,-2.5211471389215117,-1.7238028484611285,-1.843904356480142,76.6011284741053,33.60669886362378,10.149873879844494,56.24342725653173,132.84455573063636,uncomfortable
46.0,-3.4999999999999973,-1.741321803037913,-1.8235629599057286,88.33897862836548,80.22402943399382,22.38726997604855,-2.6112994100423705,85.7276792183213,uncomfortable
46.5,-4.555849108714195,-1.773006261724327,-1.8148555926508525,101.00012425748652,129.89007297786372,35.424476305042226,-65.31454928290594,35.68557497457897,uncomfortable
47.0,-5.670628594077314,-1.8186366686298607,-1.8182665382226078,114.3679296494211,181.7393866825571,49.03431641417591,-130.77370309673302,-16.405773447313194,uncomfortable
47.5,-6.825264270019536,-1.8777504806203742,-1.8340681919270132,128.2136679476576,234.86938321110415,62.97987153353558,-197.84925474463972,-69.63558679698254,uncomfortable
48.0,-8.000000000000002,-1.9496501407120794,-1.8623164615960597,142.30043473114927,288.3557713532359,77.01853356879154,-265.3743049220275,-123.07387019087892,uncomfortable
48.5,-9.174735729980464,-2.033415071816829,-1.9028498716428273,156.38720151464088,341.2683680745124,90.9061554501598,-332.1745235246722,-175.7873220100329,uncomfortable
49.0,-10.329371405922686,-2.127917485633055,-1.9552923857858167,170.23293981287736,392.68701141451527,104.40122782371888,-397.08823923823417,-226.85529942535823,uncomfortable
49.5,-11.444150891285808,-2.2318417361985254,-2.019059900156022,183.60074520481203,441.71730195948584,117.26901062059909,-458.9863125800849,-275.38556737527466,uncomfortable
50.0,-12.500000000000004,-2.3437068869708417,-2.093370295698853,196.26189083393302,487.5059035479354,129.28554881161602,-516.7914523595514,-320.5295615256213,uncomfortable
50.5,-13.478852861078488,-2.4618921053170646,-2.177256877882346,207.9997409881932,529.2551414094091,140.24150363654064,-569.4966450459498,-361.4969040577588,uncomfortable
51.0,-14.36396103067893,-2.5846644499159983,-2.269584973765208,218.61345779710638,566.236647957702,149.94573375447982,-616.1823817121817,-397.5689239150774,uncomfortable
51.5,-15.140180062621116,-2.710208575633098,-2.3690714024547925,227.9214376233939,597.8038227547315,158.2285650407627,-656.0323877954943,-428.11095017210107,uncomfortable
52.0,-15.794228634059948,-2.8366578476193514,-2.474306485820455,235.76441835156834,623.4028934511449,164.94469308307424,-688.3475865342191,-452.5831681826512,uncomfortable
52.5,-16.31491579260158,-2.962126332273145,-2.583778222863136,242.0082044068855,642.5823884474228,169.97566871419687,-712.5580571616197,-470.5498527547335,uncomfortable
53.0,-16.693332436601615,-3.084741117700601,-2.695898214121116,246.54596287883453,655.0008591951505,173.23192405308237,-728.2327832482329,-481.68682036940027,uncomfortable
53.5,-16.923003752364295,-3.2026744106719516,-2.8090288925481364,249.3000514618559,660.432720007275,174.65430438800686,-735.0870243952818,-485.7869729334284,uncomfortable
54.0,-17.0,-3.3141748608955894,-2.921511594945862,250.22334693671672,658.7721054561158,174.21507969074352,-732.9871851468594,-482.7638382101436,uncomfortable
54.5,-16.923003752364295,-3.4060276199835804,-3.022368647513666,290.0431585060067,650.5056104334165,172.06569937475356,-719.3337793021285,-432.52815130216436,uncomfortable
55.0,-16.693332436601615,-3.482694019317014,-3.115364759352752,305.19361953754446,635.5081724596657,168.16614279666607,-695.79112515322,-398.4806957187878,uncomfortable
55.5,-16.31491579260158,-3.542000405217295,-3.1967750153956187,328.2038364207159,614.1195273404295,162.59410371524703,-663.6067771474595,-348.5097946349626,uncomfortable
56.0,-15.794228634059948,-3.5812445909370285,-3.2631177208913327,358.63790290842337,586.7986484380293,155.46640167533752,-623.7097533079059,-283.6271472049453,uncomfortable
56.5,-15.140180062621116,-3.5981842349856996,-3.311450343625151,394.8763374252726,554.0950099780596,146.92499008746782,-577.0544078060902,-206.14366264025819,uncomfortable
57.0,-14.36396103067893,-3.597932026623221,-3.3468724345375347,402.79372883672636,516.2958073758986,137.04724281002757,-524.2266685752882,-150.54932134920247,uncomfortable
57.5,-13.478852861078487,-3.576442897401656,-3.3638535756372967,429.04267314933327,474.268047816634,126.0537178736206,-466.50644184631153,-71.2790925409228,uncomfortable
58.0,-12.5,-3.5386999138878283,-3.3673641986313645,429.22153361945874,428.49154079436414,114.0737655761735,-404.6690141010486,-13.343772751081545,uncomfortable
58.5,-11.444150891285808,-3.483953204304349,-3.3554361873434377,434.15089808482526,379.8324863422455,101.3301324761992,-339.94272680852833,52.988279266380246,uncomfortable
59.0,-10.329371405922686,-3.4194250891245166,-3.335243238469671,405.2918646629159,328.80407861205094,87.960852634314,-273.08984095482845,88.52693341655075,uncomfortable
59.5,-9.174735729980465,-3.3382236358505315,-3.297863322674737,413.2719521440341,276.6991128083028,74.29646435343642,-205.81455666968563,162.27637498229456,uncomfortable
60.0,-8.0,-2.763730810181329,-3.1625775802603284,799.4164142997358,233.71697180262652,66.65561227871576,264.2273426569886,599.0438302183932,uncomfortable
60.5,-6.825264270019535,-3.0380187067693014,-3.102876351627168,367.0068441207804,176.5069978008641,48.21012112195018,-79.53609843076069,242.2897251979652,uncomfortable
61.0,-5.670628594077314,-2.9532634978214176,-3.0368322431151467,344.2597463480584,125.40807543580081,34.590970729299066,-16.323955873563385,284.2607001829571,uncomfortable
61.5,-4.5558491087141935,-2.8455650892786486,-2.965666041280413,305.43920376354635,76.67685558337983,21.771231453806713,42.771804972729804,306.99111672635735,uncomfortable
62.0,-3.5000000000000018,-2.73313071014189,-2.8874300810303213,278.0278899724598,31.027169963481384,9.761939312177823,97.10718299382987,337.2387806967967,uncomfortable
62.5,-2.5211471389215134,-2.6194571104362097,-2.8042168481144363,246.38803514678398,-10.806762402791538,-1.2514466133934772,145.87353286012814,358.44624416296625,uncomfortable
63.0,-1.6360389693210715,-2.508557198047535,-2.719706937162234,204.52192383647264,-48.2130165629689,-11.10680804439639,188.43620621800332,363.84174844383494,uncomfortable
63.5,-0.8598199373788846,-2.3985904667671702,-2.6311797850670193,180.92898472916153,-80.36090302791649,-19.587933330901123,223.91442861825482,380.877821087977,uncomfortable
64.0,-0.20577136594005196,-2.2940596485360976,-2.5433920765225118,144.07976373025025,-106.8447495211204,-26.583074522134623,251.98312084871594,377.50758777350524,uncomfortable
64.5,0.31491579260158,-2.1955609550097495,-2.4565001355620693,114.34057898526001,-127.15003658921253,-31.957364806393183,272.2142553038227,373.4479803808635,uncomfortable
65.0,0.6933324366016134,-2.104092864732385,-2.371488885895886,88.64704450274144,-140.90310890028812,-35.610105115861266,284.39640411926104,365.1602585188896,uncomfortable
65.5,0.9230037523642931,-2.0196844443536586,-2.288441812152679,71.25554077191728,-147.80168966467593,-37.45924366894084,288.49846383965826,356.5164741055333,uncomfortable
66.0,1.0,-1.9422736699616023,-2.208013610680914,59.957173447537464,-147.68138760943438,-37.45396690914322,285.1353545185776,345.0925279661149,uncomfortable
66.5,0.9230037523642931,-1.874816570403226,-2.1353651272204495,35.30081800044254,-140.69312208226532,-35.61513358070142,276.30825566296676,311.6090736634055,uncomfortable
67.0,0.6933324366016151,-1.8165938644354283,-2.06612208430306,38.054906583463946,-126.74307917089136,-31.95035784168115,258.6934370125725,296.74834359603364,uncomfortable
67.5,0.31491579260158,-1.7688342028414277,-2.001844923557642,42.59266505541298,-106.08569624395035,-26.525303941991314,232.61100018594166,275.2036652413514,uncomfortable
68.0,-0.20577136594005196,-1.732702845512916,-1.9440029077026144,48.83645111073019,-79.09156227399956,-19.437226962370733,198.5287892363703,247.36524034709936,uncomfortable
68.5,-0.8598199373788837,-1.709168156703764,-1.8939501250147726,56.67943183890461,-46.23954912785214,-10.811863092717998,157.05141222057014,213.73084405947344,uncomfortable
69.0,-1.6360389693210688,-1.6989786137546727,-1.8529024496320656,65.98741166519206,-8.108533687598095,-0.8011964977820042,108.9097301853801,174.89714185057045,uncomfortable
69.5,-2.5211471389215117,-1.7026496943455007,-1.8219168079361672,76.6011284741053,34.632508766148696,10.419145070474789,54.948346163376506,131.54947463748104,uncomfortable
70.0,-3.4999999999999973,-1.7204550987988425,-1.801873160365605,88.33897862836548,81.23594811640358,22.65289477433022,-3.888842890733798,84.45013573762986,uncomfortable
70.5,-4.555849108714195,-1.752422128340685,-1.793459510083946,101.00012425748652,130.8882885510313,35.68650408936264,-66.57479264039395,34.42533161709233,uncomfortable
71.0,-5.670628594077314,-1.7983312796090962,-1.797160195198874,114.3679296494211,182.72408471001256,49.29279589425464,-132.01688060426721,-17.64895095484754,uncomfortable
71.5,-6.825264270019536,-1.8577200612871878,-1.8132476648776115,128.2136679476576,235.8407467435302,63.234850759479315,-199.0755975030095,-70.86192955535343,uncomfortable
72.0,-8.000000000000002,-1.9298909675067295,-1.8417778800839797,142.30043473114927,289.313980962496,77.27005994002637,-266.58404090252236,-124.28360617137353,uncomfortable
